Midi-Pyrénées Innovation - tél. : +33 (0)5 34 40 41 00 - http://www.mp-i.fr	75066.htm	288
CEA - Robert Vautard : tél. : +33 (0)1 69 08 26 40 email : robert.vautard@cea.fr	75463.htm	289
ECCP 2013 : http://www.eccp2013.com/	73691.htm	283
Arts &amp; Métiers ParisTech - Aurore Tixier : tél. : +33 (0)1 44 24 64 35 - email : aurore.tixier@ensam.eu	68393.htm	264
Science Europe - http://www.scienceeurope.org	68386.htm	264
SUNAERO - Thierry Regond : tél. : +33 (0)4 72 08 12 12 - email : tregond@sunaero.com - http://www.sunaero.com	71840.htm	276
Rue de l'Echiquier - http://www.ruedelechiquier.net	71366.htm	274
Arts &amp; Métiers Paris Tech - Aurore Tixier : tél. : +33 (0)1 44 24 64 35 - email : aurore.tixier@ensam.eu	68276.htm	263
- Silver Valley - http://www.silvervalley.fr- Silvereco - http://www.silvereco.fr	74746.htm	287
- Ecole Polytechnique - Claire Lenz : tél. : +33 (0)1 69 33 38 70 - email : claire.lenz@polytechnique.edu- A lire également : IZEST : vers des lasers les plus puissants du monde, BE France 265, décembre 2011 : http://www.bulletins-electroniques.com/actualites/68638.htm	72934.htm	280
INSERM - Emmanuel Lagarde : tél. : +33 (0)5 57 57 15 04 - email : emmanuel.lagarde@isped.u-bordeaux2.fr	67801.htm	261
ESA - http://www.esa.int/ESA	73880.htm	284
Laboratoire de Physique de la Matière Condensée - Claude Weisbuch : tél. : 01 69 33 46 76 email : claude.weisbuch@polytechnique.edu	73188.htm	281
Ecole Polytechnique - Claire Lenz : tél. : +33 (0)1 69 33 38 70 - email : claire.lenz@polytechnique.edu	72398.htm	278
NAUSICAA - http://www.nausicaa.fr	70164.htm	270
Pôle PASS : http://www.pole-pass.fr	71845.htm	276
- INP-ENSIACET, Institut Carnot CIRIMAT, équipe Phosphates, Pharmacotechnie et Biomatériaux (PPB) - Sylvaine Jacquart - email : sylvaine.jacquart@ensiacet.fr- INP Toulouse - Florence Lauriac : tél. : +33 (0)5 34 32 31 36 email : florence.lauriac@inp-toulouse.fr	71612.htm	275
Supméca - Alexis Francis - tél. : +33 (0)1 49 45 29 02	69541.htm	268
- ProTip - http://www.protipmedical.com- A lire également dans BE France :* http://www.bulletins-electroniques.com/actualites/37498.htm* http://www.bulletins-electroniques.com/actualites/58785.htm	74454.htm	286
ESIEE Paris - http://www.esiee.fr	75071.htm	288
- INRA/Montpellier - Philippe Perrier-Cornet - email : perrierp@supagro.inra.fr- Documents et vidéos du colloque disponibles sur http://www5.paris.inra.fr/depe/Projets/Filiere-equine	71357.htm	274
- Université Paris Sud - Cécile Pérol - tél. : +33 (0)1 6915 41 99 - email : cecile.perol@u-psud.fr- PSA Peugeot Citroën - Laure de Servigny : tél +33 (0)1 40 66 35 42	70748.htm	272
Institut Fresnel - Virginie Chamard : tél. : 33 (0)4 91 28 28 37 - email : virginie.chamard@fresnel.fr	68391.htm	264
Journées Recherche &amp; Industrie Biogaz méthanisation : http://redirectix.bulletins-electroniques.com/btOOt	73690.htm	283
- Danone - Michel Rogeaux - email : michel.rogeaux@danone.com- Vitagora - Marthe Jewell - email : marthe.jewell@vitagora.com	75793.htm	290
- Projet SYSIASS - www.sysiass.eu- ISEN - www.isen.fr	67940.htm	262
AgroSup Dijon - Philippe Cayot - email : p.cayot@agrosupdijon.fr	72394.htm	278
Université des Alpes - Alpes Magazine : http://www.alpesmagazine.com - Carole Gerard - email : carole.gerard@megeve.com	73881.htm	284
MEDTEC : http://www.medtecfrance.com	69543.htm	268
WiN MS - http://www.win-ms.com	76510.htm	292
CEA/Leti - Stéphane Lavessière - email : stephane.laveissiere@cea.fr	67554.htm	260
Région Auvergne - Zakia Douakha : tél. : + 33 (0)4 73 31 93 58 - email : presse@cr-auvergne.fr	73687.htm	283
LAAS - Fabrice Séverac : tél. : +33 (0)5 61 33 63 60 - email : fseverac@laas.fr	68644.htm	265
CNES - Julien Watelet - tél. : +33 (0)1 44 76 78 37 - email : julien.watelet@cnes.fr	69813.htm	269	70163.htm	270
AllEnvi - http://www.allenvi.fr	67071.htm	258
- CEA - stéphane Laveissière - email : stephane.laveissiere@cea.fr- GENCI - Laetitia Baudin - email : laetitia.baudin@genci.fr	70914.htm	273
- EC6 - Eric Commelin - email : e.commelin@ec6.fr- Nu-Age - http://www.nu-age.eu/	74749.htm	287
Janny MT - Benoit Janny - email : jannymt@jannymt.com - Site Internet : www.jannymet.com	68273.htm	263
CEA - Stéphane Laveissière : tél. : +33 (0)1 64 50 27 53 - email : stephane.laveissiere@cea.fr	68385.htm	264	68640.htm	265	68886.htm	266
Agrene - Claude Alabouvette - email : a.ala@agrene.fr - http://www.agrene.fr	68643.htm	265
Thésame - Sandra Cheriti, responsable du Programme Innovation PME : tél. : +33 (0)4 50 33 58 21 - email : sc@thesame-innovation.com - http://www.thesame-innovation.com	72395.htm	278
INSERM - Raphael Scharfmann - tél. : + 33 (0) 01 40 61 55 65 - email : raphael.scharfmann@inserm.fr	67802.htm	261
SEB - Kevin Camphuis - email : kcamphuis@seb.fr	71359.htm	274
- Aldebaran Robotics - http://www.aldebaran-robotics.com- Morpho System - http://www.morpho.com	72633.htm	279
Ecole Centrale Paris - Etienne Dages-Desgranges : tél. : + 33 (0)1 41 13 14 74 - email : etienne.dagesdesgranges@ecp.fr - http://www.ecp.fr	74751.htm	287
- Hugo Niccolaï - email : hugo.niccolai@gmail.com- Planet'Etudiants - http://www.planetetudiants.org	73185.htm	281
Biom'Up - Sylvain Picot, Président Directeur Général - email : sylvain.picot@biomup.com - http://www.biomup.com	71616.htm	275
Ifremer - Marion Le Foll : tél. : + 33 (0)1 46 38 22 40/42 - email : marion.le.foll@ifremer.fr	73433.htm	282
Optics Valley - Eric Lambouroud : tél. : +33 (0)1 69 31 75 02 - email : e.lambouroud@opticsvalley.org	68641.htm	265
INRA/Nancy - Francis Martin : tél. : +33 (0)3 83 39 40 80 - email : fmartin@nancy.inra.fr	71837.htm	276
Forum TERATEC 2014 : http://www.teratec.eu/forum/index.html	75796.htm	290
CEA - Jean-Christophe Cintrat : tél. : +33 (0)1 69 08 21 07 - email : jean-christophe.cintrat@cea.fr	67390.htm	259
Laboratoire Evolution, Génomes et Spéciation (LEGS) - Gérard Arnold - email : arnold@legs.cnrs-gif.fr	71843.htm	276
ENSAIT - Matthieu Nicolas - tél. : +33 (0)3 20 25 64 80 - email : matthieu.nicolas@ensait.fr	71361.htm	274
IRT Jules Verne - Sophie Péan : tél. : + 33 (0)2 28 44 36 07 - email : sophie.pean@pole-emc2.fr	75068.htm	288
Ecole Polytechnique - Nathalie Litwin : tél. : +33 (0)1 69 33 38 93 - email : nathalie.litwin@polytechnique.edu	68639.htm	265
INRA/Jouy - Romain Briandet - email : romain.briandet@jouy.inra.fr	70746.htm	272
INRA/Centre d'Orléans - Christelle Robinet : tél. : +33 (0)2 38 41 80 38 email : christelle.robinet@orleans.inra.fr	71618.htm	275
- OMNT : http://www.omnt.fr- Pour s'inscrire : http://omnt.congres-scientifique.com/avril2012/	69186.htm	267
Rhenovia Pharma - http://www.rhenovia.com	73187.htm	281
ENS Lyon - Cyrille Monnereau : tél. : +33 [4] 72 72 88 61 email : cyrille.monnereau@ens-lyon.fr	73189.htm	281
INSERM - Unité 606 "Os et Articulation" - Marie Christine de Vernejoul : tél. : +33 (0)1 49 95 63 58 - email : christine.devernejoul@lrb.aphp.fr	69184.htm	267
CNES - Julien Watelet : tél. : +33 (0)1 44 76 78 37 - email : julien.watelet@cnes.fr	70424.htm	271	73434.htm	282
Karine Wallois - tél. +33 (0)3 62 72 61 51 - email : internationalforum@ceti.com	70751.htm	272
Thales Alenia Space, Service Communication : Tarik Lahlou - Tel. : +33 (0)4 92 92 68 45 - email : tarik.lahlou@thalesaleniaspace.com	75789.htm	290
Aquitaine Science Transfert - Claire Moras : tél. : +33 (0)5 56 46 20 73 email : c.moras@ast-innovations.com - http://www.ast-innovations.com	72117.htm	277
Invest in Photonics : http://www.invest-in-photonics.com	75795.htm	290
- IGPSC - Renseignements et inscriptions : http://www.avantage-aquitaine.com/conferences/ingenierie13/index.html- Emmanuelle Pangaud, Agence Vista Point - email : vistapoint64@bbox.fr	72937.htm	280
PathoQuest - http://www.pathoquest.com	73686.htm	283
INP Toulouse - Florence Lauriac - tél. : +33 (0)5 34 32 31 36 - email : florence.lauriac@inp-toulouse.fr	71362.htm	274
- CEA - Stéphane Laveissière : tél. : +33 (0)1 64 50 27 53 - email : stephane.laveissiere@cea.fr- IZEST - http://www.int-zest.com/index.html	68638.htm	265
Vitagora - Marthe Jewell : tél. : +33 (0)03 80 78 97 92 - email : marthe.jewell@vitagora.com	74172.htm	285
Eco-campus 2 - http://www.campus-transition-nantes.fr	74175.htm	285
CEN Expérimental - François-André Allaert - email : allaert@cenbiotech.com	67798.htm	261
CEA - Philippe Gravez : tél + 33 (0)1 46 54 81 01 - email : philippe.gravez@cea.fr	70421.htm	271
- [1] "L'EyeBrain Tracker utilisé dans un essai clinique sur la maladie de Parkinson", BE France 265 (21/12/2011) : http://www.bulletins-electroniques.com/actualites/68646.htm- EyeBrain - http://www.eye-brain.com	74171.htm	285
ISAE - Patrick Gousseau - tél. : +33 (0)5 61 33 80 31 - email : patrick.gousseau@isae.fr	71358.htm	274
http://onlinelibrary.wiley.com/doi/10.1002/ange.201102115/abstract	67558.htm	260
VHO Exploitation - Dominique Auroy - email : odomi@netcourrier.com	73684.htm	283
Institut Henri Poincaré (IHP) - Sylviane Bellorini, Assistante de direction : tél. : +33 (0)1 44 27 67 92 - email : sylviane.bellorini@ihp.fr - http://www.ihp.fr	71835.htm	276
CHU de Dijon - Virginie Van Wymelbeke - email : virginie.vanwymelbeke@chu-dijon.fr	74449.htm	286
Actilait - Eric Notz - email : e.notz@actilait.com	67388.htm	259	68885.htm	266
AIRBUS - Nina Ohlerich : tél. : + 49 40 743 85253	67797.htm	261
UMR 866 Lipides, Nutrition, Santé - Inserm - Laurent Lagrost - email : laurent.lagrost@u-bourgogne.fr	75459.htm	289
Centre de Recherche sur les Macromolécules Végétales (CERMAV) - Redouane Borsali : tél. : +33 (0)4 76 03 76 40 - email : redouane.borsali@cermav.cnrs.fr	70423.htm	271
Ecole Centrale Paris - Etienne Dages-Desgranges : tél. : +33 (0)1 41 13 14 74 - email : etienne.dages-desgranges@ecp.fr - http://www.ecp.fr	72936.htm	280
Instituts Carnot - http://www.instituts-carnot.eu	70753.htm	272
Inserm - Unité 901 "Institut de Neurobiologie de la Méditerranée" - Jérôme Epsztein : tél. : +33 (0)4 91 82 81 15 - email : epsztein@inmed.univ-mrs.fr	67389.htm	259
ESSCA - Joëlle Isaac-Moine : tél. : +33 (0)2 41 73 57 78 - email : joelle.isaac-moine@essca.fr	68281.htm	263
International Connecting Show - http://www.ics-show.com	73438.htm	282
Colloque International "Changement climatique : impacts et adaptation" : http://www.smf.asso.fr/fim11_pro_colloque.htm/	67803.htm	261
Oniris Nantes - Denis Poncelet - email : denis.poncelet@oniris-nantes.fr	75462.htm	289
- Congrès des Ingénieurs Arts et Métiers - http://www.artsetmetiers2013.gadz.org/Accueil/Inscriptions- Société des Ingénieurs Arts et Métiers - Francis Compagnon : tél. : + 33 (0)1 40 69 27 57 email : francis.compagnon@arts-et-metiers.asso.fr	73882.htm	284
E-tribArt Institut - http://www.e-tribart.fr	73437.htm	282
CNRS - Julien Guillaume - email : julien.guillaume@cnrs-dir.fr	69180.htm	267
IPCMS - Guillaume Schull : tél. : +33 (0)3 88 10 70 24/22 - email : shull@ipcms.unistra.fr	75070.htm	288
Laboratoire "Matière et Systèmes Complexes" - Valentin Leroy - valentin.leroy@univ-paris-diderot.fr	75794.htm	290
INRA/Jouy-en-Josas - S. Dusko Ehrlich - email : dusko.ehrlich@jouy.inra.fr	73432.htm	282
Forum Plastipolis - email : forum2012@plastipolis.fr - http://www.plastipolis.fr	70752.htm	272
AgroParisTech - Gilles Trystram - email : gilles.trystram@agroparistech.fr	67795.htm	261
RIHB : http://www.hydravions-biscarrosse.com	69542.htm	268
Rencontres SIG La Lettre 2012 - http://www.rencontres-sig-la-lettre.fr	68889.htm	266
François Bourin Editeur - www.bourin-editeur.fr	67794.htm	261
LabEx MAbImprove - email : labex_mabimprove@univ-tours.fr - http://mabimprove.univ-tours.fr	72938.htm	280
Vitagora - Marthe Jewell - email : marthe.jewell@vitagora.com	72396.htm	278
Université Paris-Sud - Paul Leadley - tél. : +33 (0)1 69 15 72 22 - email : paul.leadley@u-psud.fr	69816.htm	269
ESRF - Antoine Royant - tél. : +33 (0)4 76 88 17 46 - email : antoine.royant@esrf.fr	69539.htm	268
Arkamys - Jean-Michel Raczinski - email : jmraczinski@arkamys.com - http://www.arkamys.com	76508.htm	292
DAVI - Pascal Arbault - email : pascal@davi.fr - http://www.davi.fr	75063.htm	288
Hydro 21 - http://www.hydro21.org/colloque2012/	71363.htm	274
Delta Drone - http://www.deltadrone.com	70165.htm	270
Laboratoire de Synthèse et Fonctionnalisation des Céramiques (CNRS/Saint-Gobain) - Sylvain Deville : tél. : +33 (0)4 32 50 06 59 - email : sylvain.deville@saint-gobain.com	68390.htm	264
ESPCI - Ludwik Leibler : tél. : +33 (0)1 40 79 51 25 - email : ludwik.leibler@espci.fr	68280.htm	263
Centre de recherche de l'Institut du Cerveau et la Moelle Epinière - Jean Lorenceau : tél. : +33 (0) 57 27 43 77 - email : jean.lorenceau@upmc.fr	70744.htm	272
Unité Mixte de Recherche "Physiologie de l'insecte : signalisation et communication" - Brigitte Frérot : tél. : + 33 (0) 30 83 31 44	72632.htm	279
- Inosport :* http://www.inosport.fr/sinscrire/* http://www.inosport.fr	75797.htm	290
Chono-Environnement - Daniel Gilbert - email : daniel.gilbert@univ-fcomte.fr	70745.htm	272
CSGA - Thierry Thomas Danguin - email : thierry.thomas-danguin@dijon.inra.fr	75790.htm	290
INRA/Dijon - Lionel Ranjard - email : lionel.ranjard@dijon.inra.fr	69812.htm	269
Académie des technologies - Catherine Come : tél. : +33 (0)1 53 85 44 30 email : catherine.come@academie-technologies.fr - http://www.academie-technologies.fr	73182.htm	281
Forum 4i - http://www.forum4i.fr	72400.htm	278	75466.htm	289
CNRS Editions - http://www.cnrseditions.fr - Christelle Voisin : tél. : +33 (0)1 53 10 27 13 - email : christelle.voisin@cnrseditions.fr	72940.htm	280
GEOSUD - http://geosud.teledetection.fr	68275.htm	263
Institut Pierre Simon Laplace (IPSL) - Laboratoire de Météorologie Dynamique (LMD) - Rémy Roca : tél. : +33 (0)1 44 27 21 67 - email : roca@lmd.jussieu.fr	67939.htm	262
INSERM/Unité Mixte de Recherche 866 - Laurent Lagrost - email : laurent.lagrost@u-bourgogne.fr	73184.htm	281
Ceti International Forum - Karine Wallois et Anais Stael : tél. : +33 (0)3 62 72 61 33 email : internationalforum@ceti.com	70921.htm	273
Creathes - Hervé Huilier - email : herve.huilier@creathes.fr	70166.htm	270
- CEA - Stephane Laveissière : tél. : +33 (0)1 64 50 27 53 - email : stephane.laveissiere@cea.fr- Veolia Environnement - Stéphane Galfré : tél. : +33 (0)01 71 75 19 27 - email : stephane.galfre@veolia.com	72392.htm	278
BATIénergie - http://www.salon-batienergie.fr	70169.htm	270
Ifremer - Marion Le Foll et Thomas Isaak : tél. : + 33 (0)1 46 48 22 40/42 email : presse@ifremer.fr	75460.htm	289
Editions Quae - http://www.quae.com	74457.htm	286
TLD - http://www.tld-gse.com	72933.htm	280
Laboratoire de Biochimie Métabolique et Nutritionnelle (LBMN) - Norbert Latruffe - email : latruffe@u-bourgogne.fr	68387.htm	264
- Hélio-SPIR - http://www.heliospir.net/actualites/article/34- Inscription : http://redirectix.bulletins-electroniques.com/jTFx7	67392.htm	259
AIRBUS - http://www.airbus.com	71617.htm	275
- INRA/Avignon - Catherine Renard - email : catherine.renard@avignon.inra.fr- Seb - Mariette Sicard - email : msicard@groupeseb.com	75069.htm	288
Laboratoire d'Enzymologie et Biochimie Structurales - Ronald Melki : tél. : + 33 (0)1 69 82 35 03 - email : ronald.melki@lebs.cnrs-gif.fr	74173.htm	285
EyeBrain : http://www.eye-brain.com	68646.htm	265
Safran - http://www.safran-group.com	71615.htm	275
Institut de la Vision, UMRS 968 - William Rostene : tél. : +33 (0)1 53 46 25 72 - email : william.rostene@inserm.fr	68388.htm	264
Lirmm - François Pierrot - email : francois.pierrot@lirmm.fr	67383.htm	259
Airbus - Aude Lebas : tél. : +33 (0)6 17 72 03 48	70920.htm	273
Biovision 2014 - http://www.biovision.org	75465.htm	289
Medtech - Bertin Nahum : tél. : +33 (0)4 67 10 77 40 - email : contact@medtechsurgical.com - http://www.medtech.fr	71614.htm	275
IN2P3 - Laboratoire Leprince-Ringuet - Bruno Khélifi : tél. : +33 (0)1 69 33 55 73 email : khelifi@llr.in2p3.fr	73186.htm	281
Trustinsoft - Fabrice Derepas - email : fabrice.derepas@trust-in-soft.com - http://trust-in-soft.com	76207.htm	291
- Centre d'Elaboration de Matériaux et d'Etudes Structurales (CEMES) :* Christian Joachim : tél. : +33 (0)5 62 25 78 35 email : joachim@cemes.fr* Gwénaël Rapenne : tél. : +33 (0)5 62 25 78 41 email : rapenne@cemes.fr	72119.htm	277
CEA/Saclay - Nicolas Gilles - email : Nicolas.GILLES@cea.fr	72115.htm	277
ATEC ITS France 2014 - http://www.congres-atecitsfrance.fr/	74456.htm	286
CEA - Coline Verneau - email : coline.verneau@cea.fr	67800.htm	261
- Séminaire Technique et marché EMM1013 - http://www.mp-i.fr/mecatronic/emm2013/- Bourse technologique B.E. Mechatronics Connected - http://www.mp-i.fr/mecatronic/bemechatronics/- Convention d'affaires Robotics Meetings - http://www.mp-i.fr/mecatronic/roboticsmeetings/- Conférence Européenne du programme de recherche sur l'automobile ARTEMIS - http://www.mp-i.fr/mecatronic/artemis/	73884.htm	284
INRA/Dijon - Christophe Salon - email : christophe.salon@dijon.inra.fr	69817.htm	269
Laboratoire des Sciences du Climat et de l'Environnement (lSCE) - Robert Vautard : tél. : +33 (0)1 69 08 26 40 - email : robert.vautard@lsce.ipsl.fr	68645.htm	265
Laboratoire d'Ecologie Alpine :- Sandra Lavorel : tél. : +33 (0)4 76 63 56 61 - email : sandra.lavorel@ujf-grenoble.frCentre d'Ecologie Fonctionnelle et Evolutive- Eric Garnier : tél. : +33 (0)4 67 61 32 42 - email : eric.garnier@cef.cnrs.fr	67387.htm	259
THALES - Dorothée Bonneil - email : dorothee.bonneil@thalesgroup.com	70162.htm	270
DYNACOMP - http://redirectix.bulletins-electroniques.com/E98qR	69820.htm	269
TENERRDIS - http://www.tenerrdis.fr	69818.htm	269
Institut Langevin "Ondes et Images" - Mathias Fink - email : mathias.fink@espci.fr - http://www.institut-langevin.espci.fr	67068.htm	258
Editions Dunod - Elisabeth Erhardy : tél. : +33 (0)1 4046 35 12 - email : eerhardy@dunod.com - http://www.dunod.fr	74752.htm	287
Semaine de la Mémoire - http://www.semainedelamemoire.fr	76515.htm	292
Irstea/Bordeaux - Chantal Gardes : tél. : +33 (0)5 57 89 08 18 email : chantal.gardes@irstea.fr	70917.htm	273
ESTP - Anne Claire Omont : tél. : +33 (0)1 49 08 24 38 - email : acomont@adm.estp.fr	69185.htm	267
FAO - http://www.fao.org/docrep/009/a0217f/a0217f00.htm	69821.htm	269
- Association des Centraliens : Grace Ferreira, responsable communication : tél. : +33 (0)1 56 43 68 04 - email : grace.ferreira@centraliens.net - http://www.centraliens.net- Armand Colin Editeur : http://www.armand-colin.com	68383.htm	264
Tara Oceans Polar Circle - Eloise Fontaine : tél. : +33 (0)1 42 01 38 57 email : eloise@taraexpeditions.org - http://oceans.taraexpeditions.org/	73183.htm	281
INRA/Montpellier - Laurent Prévot - tél. : +33 (0)4 99 61 31 33 - email : lprevot@supagro.inra.fr	69537.htm	268
International Nuclear Academy - EXENUC - email : contact@inuclear-academy.com - http://www.inuclear-academy.com/	71619.htm	275
Aquitaine Science Transfert - Claire Moras : tél. : +33 (0)5 56 46 20 73 - email : c.moras@ast-innovations.com	75067.htm	288
ESIEE - Christine Cevaer : tél. : +33 (0)1 45 92 65 92 email : c.cevaer@esiee.fr - http://jourdesprojets.esiee-paris.fr	73190.htm	281
- CSGA - Sophie Nicklaus - email : sophie.nicklaus@dijon.inra.fr- Colloque Opaline - email : congres.opaline@vitagora.com	70749.htm	272
CNRS - Julien Guillaume : tél. : +33 (0)1 44 96 46 35 email : julien.guillaume@cnrs-dir.fr	68278.htm	263
Laboratoire de Chimie Agro-Industrielle - Gérard Vilarem : tél. : +33 (0)5 34 32 35 40/49 - email : gerard.vilarem@ensiacet.fr	72630.htm	279
Inra - Christophe Salon - email : christophe.salon@dijon.inra.fr	70420.htm	271
FFA2011 - www.forumforagriculture.com - info@forumforagriculture.com	67804.htm	261
Institut Jacques Monod - Terence Strick : tél. : + 33 (0)1 57 27 80 20 email : strick.terence@ijm.univ-paris-diderot.fr	70922.htm	273
- Sporaltec - Séverine Sabot : tél. : + 33 (0)4 77 30 00 31 email : severine.sabot@sporaltec.fr- Raid Innovation - Fanny Siffet - email : raidinnovation@sporaltec.fr	76212.htm	291
Ingérop - Silvia Nimo : tél. : +33 (0)1 49 04 55 08 email : silvia.nimo@ingerop.com - http://www.ingerop.fr	73875.htm	284
CEA - Département d'étude du Traitement et du Conditionnement des Déchets - Frédéric Goettmann - email : frederic.goettmann@cea.fr	75792.htm	290
Sporaltec - Séverine Sabot : tél. : + 33 (0)4 77 39 00 31 - email : severine.sabot@sporaltec.fr - http://www.sporaltec.fr/raidinnovation	73689.htm	283
ARTEMIS - Gérard Million - email : gerard.million@dijon-cereales.fr	68279.htm	263
INP Toulouse - Florence Lauriac : tél. : +33 (0)5 34 32 31 36 - email : florence.lauriac@inp-toulouse.fr	76512.htm	292
Airbus - Anne Galabert - email : anne.galabert@airbus.com - http://www.airbus.com	72636.htm	279
Nalini Anantharaman - email : Nalini.Anantharaman@math.u-psud.fr	72932.htm	280
CNES - Gwenaëlle Verpeaux : tél. : +33 (0)1 44 76 74 04 - email : gwenaelle.verpeaux@cnes.fr	67942.htm	262
Vitagora - Agathe Penant - email : agathe.penant@vitagora.com	72634.htm	279
- CEA - Coline Verneau : tél. : + 33 (0)1 64 50 14 88 - email : coline.verneau@cea.fr- CCRT - www-ccrt.cea.fr	74745.htm	287
Saint-Gobain - Emmanuelle Gouillart - tél. : +33 (0) 1 48 39 57 52 - email : emmanuelle.gouillart@saint-gobain.com	69819.htm	269
ERA-MIN :- Bruno Goffé : email : bruno.goffe@cnrs-dir.fr- Olivier Vidal : tél. : +33 (0)4 76 63 59 24 - email : olivier.vidal@ujf-grenoble.fr	68642.htm	265
CNRS - Denis Spitzer : tél. : +33 (0)3 89 69 50 75 - email : denis.spitzer@isl.eu	70425.htm	271
Université Lyon 1 - Lydéric Bocquet : tél. : +33 (0)4 72 44 82 53 - email : lyderic.bocquet@univ-lyon1.fr	72397.htm	278
ESTP Paris - Albane Duteurtre : tél. : + 33 (0)1 49 08 24 38 email : aduteurtre@adm.estp.fr	73883.htm	284
Inra/Dijon - Centre des Sciences du Goût et de l'Alimentation (CSGA) - Christian Salles - email : salles@dijon.inra.fr	69534.htm	268
ESA - http://www.esa.int/SPECIALS/Envisat/index.html	69811.htm	269
Ecole Centrale Paris - Alexandrine Urbain : tél. : +33 (0)1 41 13 13 10 - email : alexandrine.urbain@ecp.fr	68888.htm	266	70426.htm	271
DGA - Bruno Daffix : tél. : +33(0)1 46 19 81 51 - email : bruno.daffix@dga.defense.gouv.fr	67941.htm	262
Toulouse Space Show 2012 - http://www.toulousespaceshow.eu	70170.htm	270
CNES - Julien WATELET : tél. : 01 44 76 78 37 - julien.watelet@cnes.fr	69177.htm	267	69179.htm	267
Institut des Sciences et Technologies Moléculaires d'Angers - Moltech-Anjou - Philippe Blanchard : tél. : +33 (0)2 41 73 54 43 - email : philippe.blanchard@univ-angers.fr	73436.htm	282
Inria/Paris-Rocquencourt - Pascale Minet : tél. : +33 (0)1 39 63 52 33 - email : pascale.minet@inria.fr	67386.htm	259
- Le Temps des Glucides - Emmanuelle Auras : ltdglucides@gmail.com - http://www.letempsdesglucides.com- http://leblog.letempsdesglucides.com	76509.htm	292
Colloque OPALINE - email : congres.opaline@vitagora.com	70428.htm	271
ESPCI - Sébastien Bidault - email : sebastien.bidault@espci.fr	70747.htm	272
Bioaxial - http://www.bioaxial.com	74451.htm	286
Académie des Technologies - Catherine Côme : tél. : +33 (0)1 53 85 44 30 - email : catherine.come@academie-technologies.fr	70429.htm	271
ICCC 2013 - http://www.iccc2013.com - contact@iccc2013.com	72393.htm	278
CEA - Marie Vandermersch : tél. : +33 (0)1 64 50 17 16 - email : marie.vandermersch@cea.fr	67943.htm	262
AgroSup Dijon - Philippe Besnard - email : p.besnard@agrosupdijon.fr	72631.htm	279
Lara Spiral - Michel Prost - email : michelprost.spiral@wanadoo.fr	76511.htm	292
- Editions Quae : httlp://www.quae.com- INRA - Unité ALISS - Louis-Georges Soler - email : louis-georges.soler@ivry.inra.fr	68882.htm	266
- CEA - Pôle Maîtrise des Risques - Edwige Bonnevie - email : edwige.bonnevie@cea.fr- Pour télécharger le bilan Maîtrise des Risques 2011 : http://www.cea.fr/le_cea/publications/rapports_annuels2	70915.htm	273
Jean-Louis Junien - email : jlc.junien@wanadoo.fr	72116.htm	277
INRA/Rennes - Philippe Leterme - tél. : + 33 (0)2 23 48 54 74 - email : philippe.leterme@agrocampus-ouest.fr	69538.htm	268
Nanothinking - Thomas Dubouchet - email : thomas.dubouchet@nanothinking.com - http://www.nanothinking.com	74747.htm	287
- Connexions R&amp;D : www.connexions-rd.com- Cosmetic Valley : Caroline Crabbe - email : carolinecrabbe@wanadoo.fr - www.cosmetic-valley.com	67946.htm	262
LAAS - Fuccio Cristiano - tél. : +33 (0) 5 61 33 62 54 - email : fuccio@laas.fr	69814.htm	269
- Cemagref/Antony - Graciela Alvarez : tél. : +33 (0)1 40 96 60 17 email : graciela.alvarez@cemagref.fr- FRISBEE : http://www.frisbee-project.eu	67557.htm	260
Institut de chimie moléculaire et des matériaux d'Orsay - Laboratoire de glycochimie moléculaire et macromoléculaire - Boris Vauzeilles : tél. : +33 (0)1 69 15 68 36 - email : boris.vauzeilles@u-psud.fr	69183.htm	267
RESIF : http://www.resif.fr	69181.htm	267
Saint-Gobain - Sylvain Deville : tél. : + (0)33 04 32 50 06 59 email : sylvain.deville@saint-gobain.com	76210.htm	291
Académie des Technologies - Catherine Côme : tél. : +33 (0)1 53 85 44 30 email : catherine.come@academie-technologies.fr - http://www.academie-technologies.fr	72113.htm	277
AgroParisTech - Monique Mizart - email : monique.mizart@agroparistech.fr	72637.htm	279
- Inserm - Unité 781 "Génétique et épigénétique des maladies métaboliques, neurosensorielles et du développement - Laurence Colleaux : tél. : +33 (0)1 44 49 51 52- Unité mixte "Institut de génétique et de biologie moléculaire et cellulaire" - Jean-Marc Egly : tél. : +33 (O)6 73 98 19 38	67556.htm	260
CEA - Stéphane Laveissière : +33 (0) 64 50 27 53 - email : stephane.laveissiere@cea.fr	74168.htm	285
Université Paris-Sud - Cécile Pérol : tél. : +33 (0)1 69 15 41 99 - email : cecile.perol@u-psud.fr	68392.htm	264
DisaSolar - tél. : +33 (0)5 55 30 00 50 email : sales@disasolar.fr - http://www.disasolar.fr	72114.htm	277
- CEA - Coline Verneau : tél. : + 33(0)1 64 50 14 88 - email : coline.verneau@cea.fr- CCRT - www-ccrt.cea.fr	74744.htm	287
CNRS - Michel Daydé : tél. : +33 (0)1 44 96 42 42, email : michel.dayde@cnrs-dir.fr	74452.htm	286
Sustainable Design School (SDS) - Maurille Larivière : tél. : +33 (0)4 93 41 44 51 - email : maurille.lariviere@the-sds.com	76513.htm	292
INRA/Montpellier, Laboratoire d'écophysiologie des plantes sous stress environnementaux (INRA/Montpellier SupAgro) - François Tardieu : tél. : +33 (0)4 99 61 26 32 - email : francois.tardieu@supagro.inra.fr	69182.htm	267
Ilsa - Emmanuel Beuffe - email : e.beuffe@ilsa-france.com	74455.htm	286
- Innorobo - http://www.innorobo.com- EMM Robotics - http://www.mecatronique.fr/emm-robotics- European Robotics Forum (ERF) - http://www.eurobotics2013.com	72122.htm	277
Biocitech - www.biocitech.com	67799.htm	261
FSI - Bernard d'Oriano - email : bdo@fsinet.fr - http://www.fsinet.fr	76507.htm	292
Centre d'Océanologie de Marseille - Christian Tamburini : tél. : + 33 (0)4 91 82 90 53 - email : christian.tamburini@univ-amu.fr	73688.htm	283
- Sunaero - Thierry Regond - tél. : 33 (0)4 72 08 12 12 - email : tregond@sunaero.com - http://www.sunaero.com- A lire également :* "Sunaero, la PME lyonnaise, s'implante en Asie avec Aerokwai", BE France 276 (21/12/2012) : http://www.bulletins-electroniques.com/actualites/71840.htm* "SUNAERO, une PME française qui exporte sa technologie outre-Atlantique", BE France 230 (30/07/2009) : http://www.bulletins-electroniques.com/actualites/60160.htm	74167.htm	285
LAAS - Guilhem Larrieu : tél. : +33 (0)5 61 33 79 84 - email : guilhem.larrieu@laas.fr	72635.htm	279
- Université Paris-Sud - Cécile Pérol - tél. : +33 (0)1 69 15 41 99 - email : cecile.perol@u-psud.fr- Agence française de lutte contre le dopage - Emmanuel Israël - tél. : +33 (0)1 40 62 76 76 - email : e.israel@afld.fr	69536.htm	268
GIEC : http://www.ipcc.ch/	69533.htm	268
Provence Technologies - http://www.provetech.com	72118.htm	277	75461.htm	289
AgroParisTech - Romain Bertrand : tél. : +33 (O)3 83 39 68 12 - email : romain.bertrand@engref.agroparistech.fr	68389.htm	264
- Ecole des Mines d'Ales :* Bruno Goubet - email : bruno.goubet@mines-ales.fr* Laurence Robert : tél. : +33 (0)4 66 78 51 74 - email : laurence.robert@mines-ales.fr	73430.htm	282
Ecole Centrale Paris - Etienne Dages-Desgranges : tél. : +33 (0)1 41 13 14 74 email : etienne.dages-desgranges@ecp.fr	76211.htm	291
ESIEE - Christine Cévaër : tél. : +33 (0)1 45 92 65 92 - email : c.cevaer@esiee.fr	70168.htm	270
- PACEA - Hélène Coqueugniot : tél. : + 33 (0)5 40 00 37 43 - email : h.coqueugniot@pacea.u-bordeaux1.fr- Vircopal - http://vircopal.fr	73431.htm	282
Renseignements : tél. +33 (0)4 42 11 22 33	67561.htm	260
Datar : http://territoires2040.datar.gouv.fr	69535.htm	268
EyeBrain - http://www.eye-brain.com - http://www.eyebrainpedia.com	71841.htm	276
Technopole Alimentec - http://www.alimentec.com	76514.htm	292
BioAlliance Pharma - Judith Greciet - email : judith.greciet@bioalliancepharma.com - http://www.bioalliancepharma.com	75065.htm	288
- INRA/Tours : Thierry Pineau, Chef du Département Santé Animale : tél. : +33 (0)2 47 42 77 75 - email : sa@tours.inra.fr- NewVectys : http://www.newvectys.com	68384.htm	264
CEA/Cadarache - Institut de Recherche sur la Fusion par confinement Magnétique (IRFM) - Delphine Keller - email : delphine.keller@cea.fr - www-fusion-magnetique.cea.fr	75064.htm	288
Sofradir : http://www.sofradir.com	71839.htm	276
Genticel - http://www.genticel.com	72935.htm	280
- PCD - http://www.pcd-congress.com/fr/- Aerosol &amp; Dispensing Forum - http://www.aerosol-forum.com/fr/	72120.htm	277
ENSTA Bretagne - Ingrid Le Toutouze : tél. : +33 (0)2 98 34 88 51 - email : ingrid.letoutouze@ensta-bretagne.fr	67944.htm	262
NucAdvisor - Alain Bugat - email : alain.bugat@nucadvisor.com - http://www.nucadvisor.com	72629.htm	279
3ème Colloque Sciences de la Vie en société - http://www.genopole.fr/sdv-en-societe-2012.html	71620.htm	275
Cathy Clément : tél. : +33 (0)1 30 82 66 65 email : cathy.clement@gaiacommunication.fr	70918.htm	273
Inria/Sophia Antipolis-Méditerranée - Olivier Bernard : tél. : +33 [4]92 38 77 85 - email : olivier.bernard@inria.fr	67385.htm	259
- Pole PASS - http://www.pole-pass.fr- http://redirectix.bulletins-electroniques.com/4g87X	76516.htm	292
AgrOnov - http://www.agronov.fr	71842.htm	276
Laboratoire de Biogenèse Membranaire - Vincent Arondel - tél. : +33 (0)5 57 57 45 08 - email : vincent.arondel@u-bordeaux2.fr	67391.htm	259
Thales Université - Design Center - Didier Boulet : tél. : 06 77 48 28 90 - email : didier.boulet@thalesgroup.com	75788.htm	290
CEA - Tuline Laeser : tél. : +33 (0)1 64 50 20 97 email : tuline.laeser@cea.fr	70919.htm	273
Ecole Centrale de Nantes - Laurence Louatron : tél. : +33 (0)2 40 37 16 87 email : laurence.louatron@ec-nantes.fr	70743.htm	272
- Laboratoire de Météorologie Dynamique - http://www.hymex.org* Philippe Drobinski : tél. : +33 (0)1 69 33 51 42 email : philippe.drobinski@lmd@polytechnique.fr- Météo France, CNRM-GAME* Véronique Ducrocq : tél. : +33 (0)5 61 07 96 02 email : veronique.ducrocq@meteo.fr- HyMeX	70916.htm	273
Univerité Paris-Est Créteil Val de Marne - Gaspard Dussort : tél. : +33 (0)1 64 13 43 56 - email : dussort@u-pec.fr - www.iutsf.com	67945.htm	262
- Rhenovia - http://www.rhenovia.com- SynapCell - http://www.synapcell.com	74453.htm	286
Institut de Génomique Fonctionnelle - Patrice Mollard : tél. : +33 (0)4 34 35 92 70 - email : patrice.mollard@igf.cnrs.fr	68887.htm	266
- UMI-ESS - Gilles Boëtsch - email : gilles.boetsch@gmail.com- A lire : "Le CNRS lance une première opération d'envergure en Afrique" - BE France 222 - 27/02/2009 - http://www.bulletins-electroniques.com/actualites/57973.htm	75458.htm	289
BIVB - Jean-Philippe Gervais - email : jean-philippe.gervais@bivb.com	73877.htm	284
Arts et Métiers ParisTech - Aurore Tixier : tél. : +33 (0)1 44 24 64 35 email : aurore.tixier@ensam.fr	70923.htm	273
Colloque DEPOS - http://depos25.mines-ales.fr	75464.htm	289
Laurent Colasse - email : laurentcolasse@gmail.com	68274.htm	263
Foulon-Sopagly - Richard Payraud - email : rpayraud@foulon-sopagly.fr	74169.htm	285
- Arts et Métiers ParisTech :* Aurore Tixier : tél. : +33 (0)1 44 24 64 35 - email : aurore.tixier@ensam.eu* Rizlene Bouchemoua - email : rizlene.bouchemoua@ensam.eu- American Friends of Arts &amp; Métiers ParisTech (AFAM) : http://www.americanfriendsam.org/	70422.htm	271
Ecole Normale Supérieure de Lyon - Sergio Ciliberto - tél. : +33 (0)4 72 72 81 43 - email : sergio.ciliberto@ens-lyon.fr	69540.htm	268
- CNRS - Laetitia Louis : tél. : +33 (0)1 44 96 51 37 - email : laetitia.louis@cnrs-dir.fr- Innovatives SHS - http://www.cnrs.fr/inshs/innovatives-shs2013/presentation.htm	72939.htm	280
ESPCI - Ludwik Leibler : tél. : + 33 (0)1 40 79 51 25 - email : ludwik.leibler@espci.fr	74750.htm	287
Université de Corse - Philippe Poggi - email : philippe.poggi@univ-corse.fr	68884.htm	266
Global Sensing Technologies - Xavier Bruneau - email : xavier.bruneau@globalsensing.eu - http://www.globalsensing.eu	73879.htm	284
Arts &amp; Métiers ParisTech - Campus de Lille - Elise Woestelandt : tél. : +33 (0)3 59 03 11 90 - email : elise.woestelandt@ensam.eu	75791.htm	290
CNRS - Annick Billebaud : tél. : +33 (0)4 76 28 40 57 - email : billebaud@lpsc.in2p3.fr	69178.htm	267
SensoStat - Christine Urbano : christine.urbano@sensostat.fr - Eric Teillet : eric.teillet@sensostat.fr - http://www.sensostat.fr	73685.htm	283
- Nausicaa - Centre National de la Mer - Ingrid Picquart : tél. : + 33 (0)3 21 30 99 99 - email : i.picquart@exchange.nausicaa.fr- Actes Sud - Régine Le Meur : tél. : + 33 (0)5 62 66 94 63 - email : r.lemeur@actes-sud.fr	71621.htm	275
Ecole Centrale de Lyon - Jean-Pierre Berthet : tél. : +33 (0)4 72 18 67 81 email : jean-pierre.berthet@ec-lyon.fr	73876.htm	284
Vitagora - Marthe Jewell : tél. : +33 (0)3 80 78 97 92 email : marthe.jewell@vitagora.com	76209.htm	291
Arts &amp; Métiers ParisTech - Aurore Tixier, Directrice de la communication - tél. : +33 (0)1 44 24 64 35 - email : aurore.tixier@ensam.eu	70161.htm	270
Projet Prôtis - Patrice Pomey : tél. : + 33 (0)4 42 26 19 70 - email : Pomey@mmsh.univ-aix.fr - http://protis.hypotheses.org	73683.htm	283
EyeTechCare - http://www.eyetechcare.com	73435.htm	282
Editions Eyrolles - www.eyrolles.com	67938.htm	262
Enterome - http://www.enterome.com	69815.htm	269
- Forum Recherche-Industrie sur les Bioénergies - https://colloque.inra.fr/forum_bioenergie_ic_3bcar2012- 3bcar - http://www.3bcar.fr/	72121.htm	277
- CNES :* Alain Delrieu : tél. : +33 (0)1 44 76 74 04 - email : alain.delrieu@cnes.fr* Pascale Bresson : tél. : +33 (0)1 44 76 75 39 - email : pascale.bresson@cnes.fr	71836.htm	276
IFTS - Marie-Andrée Sirvain : tél. : +33 (0) 05 53 95 83 94 - email : marie.sirvain@ifts-sls.com	72399.htm	278
IFREMER - Marion Le Foll : tél. : +33 (0)1 46 48 22 42/4 - email : Marion.Le.Foll@ifremer.fr	68883.htm	266
- OMNT - http://omnt.congres-scientifique.com/decembre2013/- Nicolas Brefuel - email : nicolas.brefuel@cea.fr	74174.htm	285
Editions Le Pommier - http://www.editions-lepommier.fr	72401.htm	278
Midinnov - http://www.midinnov.fr	74748.htm	287
EDEN - Thierry Regond : tél. : +33 (0)4 72 08 12 12 email : tregond@sunaero.com - http://www.eden-defense-cluster.com	67553.htm	260
Ifremer - Johanna Martin - tél. : +33 (0)2 98 22 40 05 - email : johanna.martin@ifremer.fr - http://www.ifremer.fr/webtv	74170.htm	285
- Pierre Feillet - email : pierre.feillet@wanadoo.fr- Editions Quae : http://www.quae.com	76213.htm	291
CNRS - Elsa Champion : tél. : +33 (0)1 44 96 43 90 - email : elsa.champion@cnrs-dir.fr	67937.htm	262
- NOVAQT - http://www.novaqt-leforum.fr- Conseil Région Aquitaine - Rachid Belhadj : tél. : +33 (0)05 57 57 02 75 - email : presse@aquitaine.fr	74176.htm	285
CSGA - Jordi Ballester - email : jordi.ballester@u-bourgogne.fr	76206.htm	291
Smartox Biotechnology - http://www.smartox-biotech.com	73878.htm	284
CEA - Tuline Laeser : tél. : +33 (0)1 64 50 20 97 - email : tuline.laeser@cea.fr	71838.htm	276
Cemagref :- www.forets-cemagref.fr- www.cemagref.fr	68283.htm	263
ULIS : www.ulis-ir.com	67796.htm	261
Ecole Polytechnique - Raphaël de Rasilly : tél. : +33 (0)1 69 33 38 97 email : raphael.de-rasilly@polytechnique.edu	76208.htm	291
UPMC - Claire de Thoisy-Méchin : tél. : +33 (0)1 44 27 23 34 - email : claire.de_thoisy-mechin@upmc.fr	68277.htm	263
ENSAM - Aurore Tixier : tél. : +33 (0)1 44 24 64 35 email : aurore.tixier@ensam.eu	75457.htm	289
- CEA Leti - Laurent Malier - email : laurent.malier@cea.fr- Analytical Pixels Technology - Jean-Pierre Braun - email : jeanpbraun@gmail.com	68881.htm	266
Delair Tech - Michaël de Lagarde - email : michael.delagarde@delair-tech.com	74450.htm	286
- Institut Charles Sadron - Nicolas Giuseppone : tél. : +33 (0)3 88 41 41 66 - email : giuseppone@unistra.fr- Institut de Physique et Chimie des Matériaux de Strasbourg - Bernard Doudin : tél. : + 33 (0)3 88 10 72 39 - email : bdoudin@ipcms.unistra.fr	70167.htm	270
Centre des Sciences du Goût et de l'Alimentation (CSGA) - Sylvie Issanchou - email : sylvie.issanchou@dijon.inra.fr	67555.htm	260
Biophytis - http://www.biophytis.com	71360.htm	274
